{
  "losses": [
    10.974109299042645,
    10.086646346484914,
    9.199681134784923,
    8.37112082453335,
    7.741652762188631,
    7.155401489313911,
    6.5409473391140205,
    6.0102989603491395,
    5.545666968121248,
    5.062100291252136,
    4.706720054149628,
    4.343357699758866,
    4.0225158368839935,
    3.736325572518741,
    3.3780351561658524,
    3.1347050736932194,
    2.9324798899538376,
    2.695847800549339,
    2.5030262996168697,
    2.3090199722963223,
    2.1673722302212433,
    1.981872707605362,
    1.8760221127201528,
    1.7329519899452435,
    1.6342852851923775,
    1.5051471380626453,
    1.3978255513836355,
    1.2725813371293686,
    1.199943384703468,
    1.1260056486901115,
    1.0436355603091858,
    0.9705081029849894,
    0.9320585193002925,
    0.8785267586217207,
    0.7960025370121002,
    0.7762563088360954,
    0.7373328769908232,
    0.6642931673456641,
    0.6418132834574756,
    0.6064114395309897,
    0.5670510350781328,
    0.5456148627049783,
    0.5091517563251888,
    0.48907625499893637,
    0.45138924525064583,
    0.44720592349767685,
    0.4149398404885741,
    0.3977748103001538,
    0.38094690968008604,
    0.35693936729255843
  ],
  "metrics": {
    "both": {
      "optimistic": {
        "adjusted_arithmetic_mean_rank": 0.8180610056219827,
        "adjusted_arithmetic_mean_rank_index": 0.182012015574318,
        "adjusted_geometric_mean_rank_index": 0.34921510028348257,
        "adjusted_hits_at_k": 0.014959116046855316,
        "adjusted_inverse_harmonic_mean_rank": 0.0089928775348008,
        "arithmetic_mean_rank": 2039.0919354838709,
        "count": 1240.0,
        "geometric_mean_rank": 1195.321230107993,
        "harmonic_mean_rank": 92.5879756229668,
        "hits_at_1": 0.004032258064516129,
        "hits_at_10": 0.016935483870967744,
        "hits_at_3": 0.013709677419354839,
        "hits_at_5": 0.01532258064516129,
        "inverse_arithmetic_mean_rank": 0.0004904143764183456,
        "inverse_geometric_mean_rank": 0.0008365951970163314,
        "inverse_harmonic_mean_rank": 0.010800538550191028,
        "inverse_median_rank": 0.0005399568034557236,
        "median_absolute_deviation": 1841.3919553839576,
        "median_rank": 1852.0,
        "standard_deviation": 1458.5164550365496,
        "variance": 2127270.249612383,
        "z_arithmetic_mean_rank": 11.098918412444277,
        "z_geometric_mean_rank": 12.351657353339863,
        "z_hits_at_k": 11.748269601801882,
        "z_inverse_harmonic_mean_rank": 17.48890592158524
      },
      "pessimistic": {
        "adjusted_arithmetic_mean_rank": 0.8180610056219827,
        "adjusted_arithmetic_mean_rank_index": 0.182012015574318,
        "adjusted_geometric_mean_rank_index": 0.34921510028348257,
        "adjusted_hits_at_k": 0.014959116046855316,
        "adjusted_inverse_harmonic_mean_rank": 0.0089928775348008,
        "arithmetic_mean_rank": 2039.0919354838709,
        "count": 1240.0,
        "geometric_mean_rank": 1195.321230107993,
        "harmonic_mean_rank": 92.5879756229668,
        "hits_at_1": 0.004032258064516129,
        "hits_at_10": 0.016935483870967744,
        "hits_at_3": 0.013709677419354839,
        "hits_at_5": 0.01532258064516129,
        "inverse_arithmetic_mean_rank": 0.0004904143764183456,
        "inverse_geometric_mean_rank": 0.0008365951970163314,
        "inverse_harmonic_mean_rank": 0.010800538550191028,
        "inverse_median_rank": 0.0005399568034557236,
        "median_absolute_deviation": 1841.3919553839576,
        "median_rank": 1852.0,
        "standard_deviation": 1458.5164550365496,
        "variance": 2127270.249612383,
        "z_arithmetic_mean_rank": 11.098918412444277,
        "z_geometric_mean_rank": 12.351657353339863,
        "z_hits_at_k": 11.748269601801882,
        "z_inverse_harmonic_mean_rank": 17.48890592158524
      },
      "realistic": {
        "adjusted_arithmetic_mean_rank": 0.818060998986897,
        "adjusted_arithmetic_mean_rank_index": 0.1820120222120667,
        "adjusted_geometric_mean_rank_index": 0.34921480209505695,
        "adjusted_hits_at_k": 0.014959116046855316,
        "adjusted_inverse_harmonic_mean_rank": 0.008992878502287062,
        "arithmetic_mean_rank": 2039.0919189453125,
        "count": 1240.0,
        "geometric_mean_rank": 1195.32177734375,
        "harmonic_mean_rank": 92.58796691894531,
        "hits_at_1": 0.004032258064516129,
        "hits_at_10": 0.016935483870967744,
        "hits_at_3": 0.013709677419354839,
        "hits_at_5": 0.01532258064516129,
        "inverse_arithmetic_mean_rank": 0.0004904143861494958,
        "inverse_geometric_mean_rank": 0.0008365947869606316,
        "inverse_harmonic_mean_rank": 0.010800539515912533,
        "inverse_median_rank": 0.0005399567889980972,
        "median_absolute_deviation": 1841.3919677734375,
        "median_rank": 1852.0,
        "standard_deviation": 1458.5166015625,
        "variance": 2127270.5,
        "z_arithmetic_mean_rank": 11.098918817207831,
        "z_geometric_mean_rank": 12.351646806484197,
        "z_hits_at_k": 11.748269601801882,
        "z_inverse_harmonic_mean_rank": 17.488907803104937
      }
    },
    "head": {
      "optimistic": {
        "adjusted_arithmetic_mean_rank": 0.8167049969654055,
        "adjusted_arithmetic_mean_rank_index": 0.18336860273271738,
        "adjusted_geometric_mean_rank_index": 0.3536947812498784,
        "adjusted_hits_at_k": 0.014150118124830365,
        "adjusted_inverse_harmonic_mean_rank": 0.008815849927924932,
        "arithmetic_mean_rank": 2034.7645161290322,
        "count": 620.0,
        "geometric_mean_rank": 1187.0210940811082,
        "harmonic_mean_rank": 94.12132570114073,
        "hits_at_1": 0.0032258064516129032,
        "hits_at_10": 0.016129032258064516,
        "hits_at_3": 0.014516129032258065,
        "hits_at_5": 0.014516129032258065,
        "inverse_arithmetic_mean_rank": 0.0004914573613178667,
        "inverse_geometric_mean_rank": 0.0008424450121285467,
        "inverse_harmonic_mean_rank": 0.010624584732000647,
        "inverse_median_rank": 0.0005399568034557236,
        "median_absolute_deviation": 1862.889687552289,
        "median_rank": 1852.0,
        "standard_deviation": 1459.5347124359225,
        "variance": 2130241.576805411,
        "z_arithmetic_mean_rank": 7.906610224186444,
        "z_geometric_mean_rank": 8.851128276227868,
        "z_hits_at_k": 7.856181634903571,
        "z_inverse_harmonic_mean_rank": 12.12027074358858
      },
      "pessimistic": {
        "adjusted_arithmetic_mean_rank": 0.8167049969654055,
        "adjusted_arithmetic_mean_rank_index": 0.18336860273271738,
        "adjusted_geometric_mean_rank_index": 0.3536947812498784,
        "adjusted_hits_at_k": 0.014150118124830365,
        "adjusted_inverse_harmonic_mean_rank": 0.008815849927924932,
        "arithmetic_mean_rank": 2034.7645161290322,
        "count": 620.0,
        "geometric_mean_rank": 1187.0210940811082,
        "harmonic_mean_rank": 94.12132570114073,
        "hits_at_1": 0.0032258064516129032,
        "hits_at_10": 0.016129032258064516,
        "hits_at_3": 0.014516129032258065,
        "hits_at_5": 0.014516129032258065,
        "inverse_arithmetic_mean_rank": 0.0004914573613178667,
        "inverse_geometric_mean_rank": 0.0008424450121285467,
        "inverse_harmonic_mean_rank": 0.010624584732000647,
        "inverse_median_rank": 0.0005399568034557236,
        "median_absolute_deviation": 1862.889687552289,
        "median_rank": 1852.0,
        "standard_deviation": 1459.5347124359225,
        "variance": 2130241.576805411,
        "z_arithmetic_mean_rank": 7.906610224186444,
        "z_geometric_mean_rank": 8.851128276227868,
        "z_hits_at_k": 7.856181634903571,
        "z_inverse_harmonic_mean_rank": 12.12027074358858
      },
      "realistic": {
        "adjusted_arithmetic_mean_rank": 0.8167050010747521,
        "adjusted_arithmetic_mean_rank_index": 0.18336859862172084,