{
  "losses": [
    0.9634207995498881,
    0.5967390256769517,
    0.3670693460632773,
    0.2228199653327465,
    0.14659612691577742,
    0.10336246966000866,
    0.07405646052211523,
    0.057477544308366144,
    0.04501789912362309,
    0.03722170600667596,
    0.029721101636395734,
    0.026962016051744715,
    0.022055015091181678,
    0.01930235289311146,
    0.017103020375704065,
    0.01500724713482401,
    0.01411875044954393,
    0.01248758377315586,
    0.010928186971475096,
    0.01084088406744687,
    0.009252590182072976,
    0.009526134660357939,
    0.008871294859358492,
    0.008279584676903836,
    0.007191707171253203,
    0.0074427410350728996,
    0.006800644335966995,
    0.006247411177301889,
    0.006078057302682496,
    0.005983440763563575,
    0.005913600402623963,
    0.005608815295786104,
    0.006133744941668256,
    0.005090088040828157,
    0.005246750791283215,
    0.0048317824403056875,
    0.004774310581577832,
    0.0047475868769277655,
    0.004331905290361165,
    0.004638058909382808,
    0.004565104387224624,
    0.0041192929488983385,
    0.004139538975911872,
    0.00456772990497377,
    0.004173046532634865,
    0.0042545861681847945,
    0.004123129126502831,
    0.004001644570534528,
    0.003932224471581695,
    0.0035699546381639424
  ],
  "metrics": {
    "both": {
      "optimistic": {
        "adjusted_arithmetic_mean_rank": 0.1852043159511242,
        "adjusted_arithmetic_mean_rank_index": 0.8151227022111629,
        "adjusted_geometric_mean_rank_index": 0.9804505343833018,
        "adjusted_hits_at_k": 0.38748073007671563,
        "adjusted_inverse_harmonic_mean_rank": 0.2032544747008752,
        "arithmetic_mean_rank": 461.63870967741934,
        "count": 1240.0,
        "geometric_mean_rank": 36.87720279536222,
        "harmonic_mean_rank": 4.885011947701874,
        "hits_at_1": 0.11854838709677419,
        "hits_at_10": 0.38870967741935486,
        "hits_at_3": 0.22903225806451613,
        "hits_at_5": 0.29758064516129035,
        "inverse_arithmetic_mean_rank": 0.0021661961595438413,
        "inverse_geometric_mean_rank": 0.02711702418291234,
        "inverse_harmonic_mean_rank": 0.20470779001276432,
        "inverse_median_rank": 0.038461538461538464,
        "median_absolute_deviation": 37.065055462640046,
        "median_rank": 26.0,
        "standard_deviation": 967.5823413080864,
        "variance": 936215.5872112382,
        "z_arithmetic_mean_rank": 49.70540180782077,
        "z_geometric_mean_rank": 34.67830870649869,
        "z_hits_at_k": 304.311302097375,
        "z_inverse_harmonic_mean_rank": 395.27930547578313
      },
      "pessimistic": {
        "adjusted_arithmetic_mean_rank": 0.1852043159511242,
        "adjusted_arithmetic_mean_rank_index": 0.8151227022111629,
        "adjusted_geometric_mean_rank_index": 0.9804505343833018,
        "adjusted_hits_at_k": 0.38748073007671563,
        "adjusted_inverse_harmonic_mean_rank": 0.2032544747008752,
        "arithmetic_mean_rank": 461.63870967741934,
        "count": 1240.0,
        "geometric_mean_rank": 36.87720279536222,
        "harmonic_mean_rank": 4.885011947701874,
        "hits_at_1": 0.11854838709677419,
        "hits_at_10": 0.38870967741935486,
        "hits_at_3": 0.22903225806451613,
        "hits_at_5": 0.29758064516129035,
        "inverse_arithmetic_mean_rank": 0.0021661961595438413,
        "inverse_geometric_mean_rank": 0.02711702418291234,
        "inverse_harmonic_mean_rank": 0.20470779001276432,
        "inverse_median_rank": 0.038461538461538464,
        "median_absolute_deviation": 37.065055462640046,
        "median_rank": 26.0,
        "standard_deviation": 967.5823413080864,
        "variance": 936215.5872112382,
        "z_arithmetic_mean_rank": 49.70540180782077,
        "z_geometric_mean_rank": 34.67830870649869,
        "z_hits_at_k": 304.311302097375,
        "z_inverse_harmonic_mean_rank": 395.27930547578313
      },
      "realistic": {
        "adjusted_arithmetic_mean_rank": 0.18520431302852694,
        "adjusted_arithmetic_mean_rank_index": 0.8151227051349331,
        "adjusted_geometric_mean_rank_index": 0.9804505353178259,
        "adjusted_hits_at_k": 0.38748073007671563,
        "adjusted_inverse_harmonic_mean_rank": 0.2032544711224329,
        "arithmetic_mean_rank": 461.6387023925781,
        "count": 1240.0,
        "geometric_mean_rank": 36.877201080322266,
        "harmonic_mean_rank": 4.885012149810791,
        "hits_at_1": 0.11854838709677419,
        "hits_at_10": 0.38870967741935486,
        "hits_at_3": 0.22903225806451613,
        "hits_at_5": 0.29758064516129035,
        "inverse_arithmetic_mean_rank": 0.0021661962382495403,
        "inverse_geometric_mean_rank": 0.02711702510714531,
        "inverse_harmonic_mean_rank": 0.2047077864408493,
        "inverse_median_rank": 0.03846153989434242,
        "median_absolute_deviation": 37.06505584716797,
        "median_rank": 26.0,
        "standard_deviation": 967.5823364257812,
        "variance": 936215.625,
        "z_arithmetic_mean_rank": 49.70540198610948,
        "z_geometric_mean_rank": 34.67830873955259,
        "z_hits_at_k": 304.311302097375,
        "z_inverse_harmonic_mean_rank": 395.2792985166045
      }
    },
    "head": {
      "optimistic": {
        "adjusted_arithmetic_mean_rank": 0.22271365567469145,
        "adjusted_arithmetic_mean_rank_index": 0.7775984534354878,
        "adjusted_geometric_mean_rank_index": 0.9752155114279532,
        "adjusted_hits_at_k": 0.36162179780214426,
        "adjusted_inverse_harmonic_mean_rank": 0.20109901748198503,
        "arithmetic_mean_rank": 554.8758064516129,
        "count": 620.0,
        "geometric_mean_rank": 46.48149295360193,
        "harmonic_mean_rank": 4.936885139856479,
        "hits_at_1": 0.12741935483870967,
        "hits_at_10": 0.3629032258064516,
        "hits_at_3": 0.22419354838709676,
        "hits_at_5": 0.28225806451612906,
        "inverse_arithmetic_mean_rank": 0.0018022050851251225,
        "inverse_geometric_mean_rank": 0.02151393891324027,
        "inverse_harmonic_mean_rank": 0.2025568697004507,
        "inverse_median_rank": 0.024390243902439025,
        "median_absolute_deviation": 59.30408874022408,
        "median_rank": 41.0,
        "standard_deviation": 1030.0270364734536,
        "variance": 1060955.6958662851,
        "z_arithmetic_mean_rank": 33.52901091364216,
        "z_geometric_mean_rank": 24.40453760192128,
        "z_hits_at_k": 200.77334348811848,
        "z_inverse_harmonic_mean_rank": 276.47640988428424
      },
      "pessimistic": {
        "adjusted_arithmetic_mean_rank": 0.22271365567469145,
        "adjusted_arithmetic_mean_rank_index": 0.7775984534354878,
        "adjusted_geometric_mean_rank_index": 0.9752155114279532,
        "adjusted_hits_at_k": 0.36162179780214426,
        "adjusted_inverse_harmonic_mean_rank": 0.20109901748198503,
        "arithmetic_mean_rank": 554.8758064516129,
        "count": 620.0,
        "geometric_mean_rank": 46.48149295360193,
        "harmonic_mean_rank": 4.936885139856479,
        "hits_at_1": 0.12741935483870967,
        "hits_at_10": 0.3629032258064516,
        "hits_at_3": 0.22419354838709676,
        "hits_at_5": 0.28225806451612906,
        "inverse_arithmetic_mean_rank": 0.0018022050851251225,
        "inverse_geometric_mean_rank": 0.02151393891324027,
        "inverse_harmonic_mean_rank": 0.2025568697004507,
        "inverse_median_rank": 0.024390243902439025,
        "median_absolute_deviation": 59.30408874022408,
        "median_rank": 41.0,
        "standard_deviation": 1030.0270364734536,
        "variance": 1060955.6958662851,
        "z_arithmetic_mean_rank": 33.52901091364216,
        "z_geometric_mean_rank": 24.40453760192128,
        "z_hits_at_k": 200.77334348811848,
        "z_inverse_harmonic_mean_rank": 276.47640988428424
      },
      "realistic": {
        "adjusted_arithmetic_mean_rank": 0.2227136504589824,